<?xml version="1.0" encoding="UTF-8"?>
<project-private xmlns="http://www.netbeans.org/ns/project-private/1">
    <editor-bookmarks xmlns="http://www.netbeans.org/ns/editor-bookmarks/2" lastBookmarkId="0"/>
    <open-files xmlns="http://www.netbeans.org/ns/projectui-open-files/2">
        <group>
            <file>file:/C:/Users/hp/Desktop/bank_management/src/bank_management/operations/Display.java</file>
            <file>file:/C:/Users/hp/Desktop/bank_management/src/bank_management/operations/Deposit.java</file>
            <file>file:/C:/Users/hp/Desktop/bank_management/src/bank_management/operations/Operation1.java</file>
            <file>file:/C:/Users/hp/Desktop/bank_management/src/bank_management/operations/Front.java</file>
            <file>file:/C:/Users/hp/Desktop/bank_management/src/bank_management/operations/Withdraw.java</file>
            <file>file:/C:/Users/hp/Desktop/bank_management/src/bank_management/operations/Register.java</file>
            <file>file:/C:/Users/hp/Desktop/bank_management/src/bank_management/Login.java</file>
            <file>file:/C:/Users/hp/Desktop/bank_management/src/bank_management/operations/Service.java</file>
        </group>
    </open-files>
</project-private>
